id,title,score,num_comments,author,created_utc,url,over_18,edited,spoiler,stickied
1faz0xx,What are some of your favorite data engineering projects that you've worked on? What did you enjoy about it?,72,26,LyleLanleysMonorail,2024-09-07 04:42:20,https://www.reddit.com/r/dataengineering/comments/1faz0xx/what_are_some_of_your_favorite_data_engineering/,False,False,False,False
1fbc26k,"As an outsider willing to learn DE, the whole domain feels like a step to pigeon hole yourself into frameworks and tech stack much similar to web dev",67,23,t7Saitama,2024-09-07 17:17:07,https://www.reddit.com/r/dataengineering/comments/1fbc26k/as_an_outsider_willing_to_learn_de_the_whole/,False,False,False,False
1faxbxa,Have You Worked With Apache Iceberg?,26,3,vutr274,2024-09-07 03:03:35,https://open.substack.com/pub/vutr/p/i-spent-7-hours-diving-deep-into?r=2rj6sg&utm_campaign=post&utm_medium=web,False,False,False,False
1fb91ut,Want to start a project without spending too much,13,7,pachearg,2024-09-07 15:07:09,https://www.reddit.com/r/dataengineering/comments/1fb91ut/want_to_start_a_project_without_spending_too_much/,False,False,False,False
1faykg8,Best way to test data using pytest ,12,17,mailmedude,2024-09-07 04:14:21,https://www.reddit.com/r/dataengineering/comments/1faykg8/best_way_to_test_data_using_pytest/,False,False,False,False
1fb109h,SE DE VS. SQL DE ,10,5,uglypeoplearepeople2,2024-09-07 06:54:12,https://www.reddit.com/r/dataengineering/comments/1fb109h/se_de_vs_sql_de/,False,False,False,False
1fbeo87,Parsing and normalizing data from multiple sources.,7,8,photon223,2024-09-07 19:11:52,https://www.reddit.com/r/dataengineering/comments/1fbeo87/parsing_and_normalizing_data_from_multiple_sources/,False,False,False,False
1fb4z2h,Table transfer protocols: improved Arrow Flight and alternative to Iceberg,7,0,leventov,2024-09-07 11:42:04,https://engineeringideas.substack.com/p/table-transfer-protocols-improved,False,False,False,False
1fb5q83,Is there an easy way of creating data relationships from a flat file export?,5,5,danielrosehill,2024-09-07 12:25:27,https://www.reddit.com/r/dataengineering/comments/1fb5q83/is_there_an_easy_way_of_creating_data/,False,False,False,False
1fbfv9p,Where do I go from here? Seeking career transition advice.,3,7,VelocitySpeeds,2024-09-07 20:04:44,https://www.reddit.com/r/dataengineering/comments/1fbfv9p/where_do_i_go_from_here_seeking_career_transition/,False,False,False,False
1fb9zcp,Looking for the right bachelor thesis,3,1,jesper-h-h,2024-09-07 15:47:48,https://www.reddit.com/r/dataengineering/comments/1fb9zcp/looking_for_the_right_bachelor_thesis/,False,False,False,False
1fb38h9,Upskilling from Abinitio,3,0,mental_discourse,2024-09-07 09:42:33,https://www.reddit.com/r/dataengineering/comments/1fb38h9/upskilling_from_abinitio/,False,False,False,False
1fb2k6o,AI Hackathon in Berlin,2,5,Repulsive_News1717,2024-09-07 08:51:26,https://www.reddit.com/r/dataengineering/comments/1fb2k6o/ai_hackathon_in_berlin/,False,False,False,False
1fbfffx,Handling Lineage and Pipeline Failures in Delta Live Tables,2,0,nebulanetflow,2024-09-07 19:45:49,https://www.reddit.com/r/dataengineering/comments/1fbfffx/handling_lineage_and_pipeline_failures_in_delta/,False,False,False,False
1fbb04j,Any tools to help with syncing CRM data + handle some api requests to insert to MySQL,2,3,tintin2006,2024-09-07 16:30:46,https://www.reddit.com/r/dataengineering/comments/1fbb04j/any_tools_to_help_with_syncing_crm_data_handle/,False,False,False,False
1fbls01,Seeking Advice on Cloud Data Warehouse Options for a Small Business,2,6,Which-Dig-1187,2024-09-08 00:48:48,https://www.reddit.com/r/dataengineering/comments/1fbls01/seeking_advice_on_cloud_data_warehouse_options/,False,False,False,False
1fbcsw7,Should I take the job or not?,2,24,git0ffmylawnm8,2024-09-07 17:49:52,https://www.reddit.com/r/dataengineering/comments/1fbcsw7/should_i_take_the_job_or_not/,False,False,False,False
1fb9i7d,How should I learn python,1,4,knowledgeMeUp,2024-09-07 15:27:25,https://www.reddit.com/r/dataengineering/comments/1fb9i7d/how_should_i_learn_python/,False,False,False,False
